1,-0.352182854,1.485344624,0.648141659,1.527444618,2.755014401,-0.513173872,0.827903271,0.463019549,0.228946998,-0.509091368,0.635134917,0.582677077,-1.315725537,1.127099631,-1.629868009,-0.593780308,0.453359049,0.897232451,0.740065267,0.733641605,-1.355259874,0.086612821,0.341112394,-0.493946222,2.000506072,0.973591043,-0.327136005,0.517029283,-0.196472072,-1.445480345,-1.342863696,1.174653863,-0.680326034,0.736272687,0.150155386,-1.784597245,0.152303342,0.391799325,0.687295046,-1.038678905,-0.307920486,-0.064592864,2.637650311,0.39639396,-1.640667295,-0.637538742,0.027924478,-0.126433796,2.56832815,0.197807523
1,-0.540281396,0.597235817,0.46380676,-0.753501296,0.89267739,0.118583167,0.202754023,-1.244948518,-0.513489599,-0.002450393,-0.570933211,0.5146754,-0.160405396,-1.249210597,-0.016748813,0.753488123,-0.712465701,-0.366559994,0.114296067,0.277964227,0.346037144,-0.567566651,2.190093844,-0.134762732,-0.327684314,0.599150278,0.216387663,0.774092222,0.293476871,0.34787001,-0.101372151,-1.385490716,0.56326526,-0.99545042,0.785316428,-0.764297132,-0.179970743,0.00725106,-1.565671112,-0.778061824,0.180497081,0.13690509,-0.073142489,-2.171228558,0.124867105,0.952255624,-0.120157156,-0.542873972,-0.576575891,-1.346317225
-1,0.584878519,-0.011516454,-0.581491993,0.727535616,0.131977824,0.32202225,-1.499274681,2.479060529,-0.360128355,0.368340209,-1.260355569,0.857065315,-1.976703008,-1.767548345,0.537888484,-1.248668164,0.590697047,-1.12951176,0.897295657,0.47897942,0.263873892,0.53020042,-0.95745561,-0.828338944,-0.738426349,-1.90627565,1.153572637,-0.555655556,1.072872877,0.813385898,-1.555233613,0.769179532,-0.407979668,-1.68823256,-0.573334435,-1.429488567,0.766385079,-0.056666176,-2.209875187,-0.700329325,1.047333523,-1.994200921,-1.385559786,-1.436460888,-1.546880269,0.372260599,-0.928972294,-1.495465876,-0.930143389,-0.640050852
1,-0.255732716,0.333791565,-1.067138918,0.768019109,0.603413192,-0.722807663,0.517348203,-1.235255142,1.131551007,-1.767695047,0.96428172,0.409874756,1.6282935,-1.025803634,0.531115659,0.744661303,-1.229550589,0.182752919,-0.241507,0.585655799,1.123882635,1.190095094,1.293712599,-1.368346484,-1.323536157,1.240709654,-1.273930973,-1.194560834,-1.698738745,1.039565221,0.106568732,0.101603744,-0.1842119,0.417503392,-0.912603228,1.692653508,-1.116776021,1.048214972,-0.353831792,0.686611122,-1.608076127,-0.659431969,-0.6585799,1.395586345,1.377115677,0.731313934,-1.947870288,0.474753875,-0.141488125,-1.970485583
1,0.782564197,-1.134640109,-0.674135241,-0.859677795,-0.594077477,1.093295938,0.463379454,-0.639072577,0.339564278,0.914099419,-0.2034759,0.638165818,-1.088407815,-1.007294763,0.658568403,-0.277363085,0.529427833,0.464013357,-0.107002114,0.068850611,-1.54256586,0.125430817,0.125862197,1.390334951,-1.286915207,0.412443626,-1.51000584,0.51176369,-0.312005386,-0.332310185,-0.266717446,-0.091429713,-0.250695608,0.084934665,-0.151547158,-1.10271534,-1.121442543,1.737469724,1.618255829,-0.41042114,-1.015337705,1.091764436,0.517291412,0.482186341,0.873400318,-0.446928851,0.358278461,0.265914023,0.874371898,1.260673396
-1,-0.291758538,-0.129413562,-0.023053403,0.407466954,1.195134151,-0.181307965,0.155959134,-0.199733277,0.751106251,-2.128643519,-0.860362261,0.886376448,0.278556768,-0.236146311,-1.00295261,0.328012165,0.727158296,-0.608259171,-1.289115915,-0.859019956,1.109881012,-0.56360527,-1.542969145,0.471738158,1.472637483,-0.914759474,3.049405833,-0.539602337,0.011194155,-0.723017291,1.811544097,0.032530383,1.749594224,0.075507353,0.001586429,-1.280590391,-1.636148776,-1.311610929,-0.165802853,-0.506125238,0.512053681,-0.043716119,0.40661261,-1.484796195,-0.49941293,-1.732294613,-1.321993356,-1.110663744,0.072972895,-0.975189304
-1,1.075270254,-0.389315083,1.127627006,-0.944529219,-1.75163115,1.165103845,0.659701727,0.568689725,0.74617988,0.692006828,0.102045835,0.139373924,-0.605314877,-0.681214352,-1.372935325,-1.250110632,-0.578492518,1.869187483,-1.038464506,-0.716663578,0.368094796,1.87777991,-0.33078334,-0.054741947,1.589565555,-0.835653791,0.16966417,-0.124669027,1.337785969,0.051779834,0.898813146,1.291323599,0.318383488,0.12009279,-0.816529897,-1.341001336,1.251735691,1.02803786,0.703392129,-0.037417808,0.832929541,-0.359782515,0.438229244,-0.094725091,0.427086123,-1.801729927,-1.543302454,-1.122998664,-0.683532222,-0.120031218
1,0.52305092,-0.066729473,-1.132987985,1.109171021,0.37745659,1.232273774,0.300007614,-1.336000613,-0.166041337,0.580063256,1.25623899,-0.082727865,0.15749504,-0.394741754,0.113062458,-2.093528647,-0.544548406,-0.268842385,0.439469457,-0.339496179,0.423065954,0.751168616,0.225369634,-0.10657844,0.279684101,-1.55371534,1.239865913,-0.086349246,-0.509584842,-1.364966927,0.112620134,-1.491140051,-0.646751484,0.58547842,1.395648435,-0.302656726,1.156366463,-0.108582334,-0.788838468,0.670799195,-0.399679872,0.057570561,0.925145105,-0.277569941,1.871934887,-0.582746519,0.757375738,0.273003976,0.036336541,0.702218169
1,-0.45173283,-0.015380652,0.586534759,0.738898695,-0.294451717,-0.667958214,0.277194373,0.756967211,-0.216529402,-1.263168367,0.851764101,0.639375843,1.735685243,0.223456925,-0.67450033,-0.896312351,-1.03085542,2.563985242,-0.238648288,0.859884803,0.107365377,-0.290822776,0.465020634,1.98029815,-1.829665438,2.312274133,-0.487904475,-0.346562544,0.676409163,-1.271613921,0.95835947,-1.30725068,-0.625145715,-1.439515463,1.326031323,-0.491672739,-1.042544192,-0.814946539,-1.751048105,1.055592844,-0.836909052,2.19254281,0.783932416,0.396974252,-0.670172337,1.005301134,-1.575419447,2.093072975,-0.244909579,-2.426127363
1,-0.640614477,-2.129234184,-0.564638426,0.339337352,1.192316242,-0.416022112,-1.8982204,0.571469216,0.676126664,1.145522034,-0.715052195,1.605244475,-0.35631489,-1.559140434,-0.271048484,-0.10483544,1.248571142,0.459306879,0.368989548,-0.157431724,-1.860312822,0.107976782,0.503195176,-1.553223068,0.471231693,0.387391206,1.305741261,0.784954682,-0.797468399,-0.087207355,-2.080491159,0.925527181,-0.580123683,0.204817484,-0.041640372,1.220926185,0.661563173,0.551537007,1.125583711,-1.295814604,-0.119362828,-0.475182004,0.64881371,0.035590806,1.539491118,0.51816137,-0.561183689,0.170088353,2.002142104,1.18295778
-1,-0.510235907,0.577752987,1.058519081,-0.177396321,-0.117950395,0.544889727,1.026091324,-0.74120765,-0.034395076,-0.329397462,1.015923204,-0.257904273,-0.480696376,-0.989856355,-0.907532822,-1.965454314,-0.703749994,-0.801524597,0.651517346,0.309642927,1.070226887,-0.793110289,0.961489398,0.100992133,-0.589115211,0.883362555,-0.175622502,-1.033575142,0.92935267,0.42984242,1.317087545,1.184843011,1.399158696,-0.771630801,-2.012806306,-1.872919603,1.387586139,0.25046533,0.449519756,1.084366188,1.273440521,0.101731637,0.546148507,0.217215375,-0.976691613,-0.756274705,0.605135251,0.422668468,-1.121979813,0.517232724
-1,0.623592274,-1.249139195,-0.243037796,-0.086734879,1.515368165,-0.683407152,0.265826605,-1.27251798,-1.091481151,-0.435472231,-0.144121297,0.412077928,-0.626637934,0.407293368,-1.344036518,1.040884938,-0.704949471,-0.057481414,-0.136200113,-0.609789545,-0.059625896,0.082144245,0.681729045,-0.990999222,2.129942856,-0.476486865,0.031692026,-1.066012528,0.451088994,0.115603469,-1.075153816,0.851052686,-0.517287678,-0.563900161,1.411677291,-0.593378612,1.080914736,1.38717395,0.986840931,0.709576447,-1.265743687,-0.874021305,0.949261433,-0.957408635,-1.439179146,0.719651774,-0.559461967,-0.232594387,-0.364880795,1.045439378
-1,0.840178367,-0.88044805,0.996090205,-0.853440334,2.165325242,1.446855368,0.785790846,-0.623328622,0.387394216,-0.117475027,-0.285679412,-1.020325832,-0.059273393,-1.089302932,-1.004545795,-2.273526535,-0.351304377,-0.680920657,-1.734897072,-0.529661422,-0.62155625,0.20071067,-0.265295221,-0.094868266,0.378809443,-0.564015029,-0.039695061,-1.45536889,-0.588552439,-0.30502819,-0.075360872,0.410949775,0.214696953,-0.737327582,-0.411979807,0.737141613,-0.072375964,1.483142721,0.327582406,1.422618643,1.661133783,-0.522424616,-2.651749522,0.487243371,0.454095809,-0.31815737,-0.138848993,-1.555141999,-0.994004982,1.111658723
-1,-1.163671925,0.736027152,1.70930672,0.24336774,-0.413074879,1.744840091,0.154766941,-0.555840438,-1.37342879,-0.274423131,0.678759821,0.974294982,-0.23619437,1.494339457,-1.071422573,0.706181536,-0.249815555,0.838022897,1.539405118,-0.970092747,0.143004196,0.477423372,-0.529268048,1.346248291,0.222881473,-0.836882574,2.104337896,0.626611508,0.165045722,-0.085962874,-1.013411605,-0.260132813,-0.277280713,0.924616939,0.34496762,0.136563662,0.626693087,-0.612116786,0.48955314,-0.490670742,-0.243314566,1.957192304,-0.752787998,0.811438922,-0.887629448,1.265848285,-0.749262526,0.838453327,0.11826114,-2.089199505
-1,1.958494362,0.524682481,-1.623141316,-0.361979423,0.58962396,0.541080455,0.597017262,0.851310182,1.005132108,0.718561954,-0.947238549,0.047417906,-0.577732585,-0.553121519,-0.695701107,0.399642643,-2.733065755,-1.605028231,0.440989925,1.606642597,-1.598987366,0.892632413,-1.097832909,1.313121822,0.821322599,-0.682691598,1.215518091,0.514322667,-0.305518684,-0.571498255,-1.548621147,-0.13452109,0.784922507,-0.885011058,0.078118495,-1.421288893,-1.230955186,0.907402348,-0.750013089,-0.289530843,-1.102805663,0.752206496,-0.511450412,-2.972172767,-0.854120876,0.840861642,0.257280419,0.681615288,-0.432150047,-0.08145653
1,0.444910199,-0.679288771,0.019535356,1.055496906,-0.620035983,0.183484806,0.273930233,0.421740464,0.699421922,-0.85547035,-1.725540925,-0.493029179,1.003048919,2.632452308,-1.537249848,0.304613941,0.890443416,2.64287859,-1.062853662,0.132046464,-0.618371244,-2.293712019,-0.749182387,0.226241751,1.002548746,-0.485110278,0.884359117,1.018803001,0.814961181,-0.793291363,-1.082425931,-0.644147869,0.656831816,-0.1030393,-1.26700561,-0.774204686,0.260901901,-1.161329137,-0.884588965,0.410424205,0.940550495,-0.006188209,-1.365377359,-1.351094778,-2.279372604,0.552711437,0.605846929,1.136806323,1.269701771,1.11728791
-1,-1.529106162,0.699054075,0.608653395,0.008872509,0.690460231,-0.134733245,0.578029537,-0.309275545,-1.422022473,-0.256889546,-2.362504333,-1.659514944,-0.991602913,-2.634833068,-1.727406781,-1.37031728,0.482360844,-0.658497239,1.22449827,1.21294483,-0.143636004,1.879171747,1.075869251,-1.726576311,-0.500389386,1.794766459,0.023065891,1.443206603,-0.035421802,-1.624123914,2.532865937,0.233468058,-0.427096695,0.692445799,1.734203849,-0.302820583,0.164207373,-0.42728414,-1.865055366,-1.506556,0.296103199,-0.881936385,-1.622998985,0.724791485,0.836665224,-0.76234445,-0.889521765,0.234700642,-0.532388152,0.759250236
-1,0.805083722,-1.221021824,1.530464864,-0.396202357,0.241860284,0.797508823,1.452449213,-0.487990371,-2.200083595,-0.487598604,-0.912753518,-0.088996402,-0.165159673,1.224682671,0.464337138,-1.077308449,-0.472411783,1.318217955,1.328875215,0.730635308,-0.219459473,1.398207327,-1.200050717,0.525534328,-0.364134159,-0.809483044,2.33123347,-0.884855653,1.299767106,0.320731056,0.718349867,-1.499664991,1.173920485,-0.800432553,0.941561469,-0.62549277,0.203833909,-1.429420454,0.382005273,2.491960532,-0.242273726,-1.144315229,0.3240721,-1.563779763,-1.96145156,-0.681817568,1.118435185,-1.540044164,-0.035119257,-0.400771877
1,1.802969923,1.095180633,0.452232332,0.05308616,0.177063599,-1.179445411,-0.405311735,0.998045485,0.251517056,1.355892434,-0.179710162,-1.874436772,-0.990993226,-3.266001942,0.059808624,2.101471126,-0.548038489,-0.961570957,-1.430938436,-0.873192482,-0.712431356,-1.252207562,-0.432693862,-0.960180397,1.034643491,0.812373701,1.249988656,0.661828098,-0.560246283,0.368238235,0.523175413,-0.351826154,-0.988446227,-0.214555401,0.034360667,-0.315949671,-0.167369605,-2.095722094,-0.09341751,0.814001306,1.275767174,-1.157094672,0.036984122,0.677131837,-0.466129276,-0.411209647,-0.728481493,0.457992936,1.717360339,-0.230636824
-1,-1.507123299,0.811727005,1.436763096,0.193830721,0.201274235,0.353084781,-1.478868291,2.028041997,-0.645322093,-0.774867248,-1.461894869,-0.995940029,-0.294949604,-0.579234881,-1.523305515,1.479437339,-1.302789739,0.526609478,0.27364504,0.73341453,0.063284066,1.140933962,-0.788518901,0.122336822,-0.619015989,-0.198335267,-1.22792916,0.602045133,1.330701718,-0.355657346,0.390125273,-0.055743733,0.816228764,-1.639013425,-0.326252337,0.327358691,-0.748994729,0.033776158,0.05723122,1.823699228,0.050168074,-0.406547537,-0.501213812,-0.215625411,0.377742854,0.44570059,0.320224914,-0.344873273,0.740861284,0.173307947
-1,-2.105524287,0.382227414,2.271737807,-0.07352434,0.794606884,0.427769987,-0.17497028,0.522706442,-0.467234643,0.764774397,1.06131976,0.935150209,-1.500049647,0.278097425,0.100732537,0.194113677,0.493298971,1.345155566,-0.951079642,1.367047512,1.369046112,-0.862069735,0.022821616,0.635879298,0.946639505,-1.098012261,1.217434814,-0.820465234,-1.030080329,0.610240635,-0.774665326,1.143870109,0.507155412,0.64765827,0.720866637,0.464509321,-0.856710651,0.871951669,-0.416233246,0.231684706,0.719650708,0.899208807,0.910190225,0.770519295,-0.402145218,-0.381094317,-0.587257825,-1.005681738,0.545630838,-1.32327427
1,-2.837117158,0.257576432,-0.461408921,0.348764876,-0.930188201,-0.175910957,0.345098175,-0.650272355,0.257156363,0.595303192,0.992527619,-1.2679555,0.912955412,0.538049794,-0.462854033,-1.332181122,1.29646002,0.760992996,0.306814117,0.772545353,-1.515762464,-0.309326498,-0.105578299,-0.308185694,-1.075691796,-0.601645901,-0.796731575,1.99365644,-1.375069409,0.404221071,0.464787322,0.998200908,0.217960939,-0.404690126,1.549495682,-0.12341508,0.19579027,1.709247448,1.275180702,0.232702972,0.143139519,0.367355686,1.224179603,0.034667162,0.272443415,-1.87057915,0.056057444,0.578711884,-0.692805611,0.50284039
1,-0.166493923,-0.902954786,-0.679367699,-0.018742135,-0.858783288,0.553908506,-0.28634381,0.73211128,-1.094817662,1.329871063,0.611750854,-1.65593087,-0.159148636,0.177824413,0.270801399,-0.685976666,-1.051373167,-0.534845833,-0.846965134,-0.200376608,0.645399637,1.542103793,-0.09358178,1.233584379,1.675074365,0.882309657,1.170127207,0.685644179,1.683359301,0.115248995,1.412764758,-1.110439476,0.674440422,0.612445547,0.997733108,-0.652206665,0.673230382,0.661906637,-0.396644244,-1.124073685,-0.421490067,0.623198232,-0.535412065,-0.389928275,0.426863116,-0.131524001,-0.809746489,1.882194986,-0.688748187,0.346261881
1,-0.243395376,0.209762222,-0.418375106,1.602266242,1.009582838,-0.44130681,1.469278206,-1.864565771,-1.680802029,0.372577332,1.949960427,-0.526392754,-0.745127358,-0.572482435,-1.026910099,-0.441487239,1.06487875,0.22444284,-1.082074892,0.106560904,0.635888613,-0.596971909,0.271337935,0.754239752,-0.801263602,-0.325741288,-1.008321175,1.574001292,1.679425647,-1.099929828,-0.586015629,1.194987804,-0.649385453,0.483831146,0.114543078,-1.542560635,0.484877089,0.623124327,0.348449908,-1.37652087,-1.132561638,-0.351980914,-0.369773149,0.794246944,1.998578881,-1.282992205,-0.423581372,-1.032186477,-0.853946649,-0.68145931
1,-0.369183126,0.245833237,1.748488303,-0.904231335,0.05918589,1.15523609,1.255259961,0.452724311,-0.639465551,1.555703712,-0.880098974,0.283885002,-0.058947112,-1.669156501,0.502629463,-1.020928967,0.930587611,1.356640989,0.614536554,0.593340974,-0.942207469,-0.776916625,-0.908718531,2.377010657,-0.855808324,1.740942611,1.783569579,-0.522355897,-0.932971083,-0.816160176,1.096899487,-0.697894884,-0.203190582,0.419746698,-0.497184394,-0.25593314,-0.15007967,0.424452822,1.55084516,-0.51146189,1.810714213,2.198102589,0.792625989,0.501234294,-0.937992654,-0.671987581,1.160475144,-0.480271844,-0.125730522,-0.667047162
1,0.572673872,0.424420005,0.201879089,-1.186738586,0.28501596,-0.969065113,-0.470257531,-0.977117695,-0.278700008,-0.221911644,0.205660965,0.326712671,-1.731220504,-1.066313367,-0.280450037,1.590911436,0.028924743,0.431151585,0.475726268,-0.646337406,0.127243241,-0.620574853,0.166919887,-0.120893619,0.674998699,0.772517354,0.312865752,0.854987544,-0.60984982,-0.004840269,-0.425252101,-0.720106106,-1.543240633,0.054038452,-0.589902521,0.986581209,-0.362226135,0.561545746,-0.240697561,-1.108473417,1.102249113,0.428719015,0.18132774,0.61403386,0.133453477,-0.414465468,-0.44759345,-0.301526368,-0.551638843,1.906210907
-1,-1.777445253,-1.100049511,0.820717307,1.533303154,0.545002343,-1.943162028,-0.393928808,0.286907294,-1.113322445,-0.357311075,-0.450243483,1.210446208,-0.417805259,0.137230613,-3.013181149,-0.294009735,0.722316471,-0.835640475,-0.049912988,-0.507033296,-0.530157811,0.904469872,0.173368075,-0.164686027,-3.12679448,0.450107907,0.40665424,0.505862965,-0.019283829,0.256238514,1.22199781,-0.974474238,0.619383798,-0.17808144,-0.823701298,0.490734408,1.808928772,0.666436757,0.291761264,-0.797887296,0.079283822,-0.280840058,-0.537592318,0.046873116,0.931870123,-0.440519604,-0.654966536,-1.092729017,0.597175353,0.062074657
1,-0.489527363,0.593810772,1.178831561,1.409185765,-0.956439138,1.3783394,0.548865814,-0.713984447,1.281867294,-0.10138962,-0.238972892,-0.095429867,-0.847028266,-0.696966775,0.13781662,-0.84834082,2.497921986,-1.16717048,0.098129791,-0.17070323,-1.044526842,-0.444666024,0.651515253,-0.155000148,-0.541101714,-0.962167738,-0.785375744,-1.014838765,-1.2681643,-2.325563433,-0.282726909,0.053846305,0.877863089,-0.050058513,1.499583564,0.131203767,0.424943838,1.080131657,0.834900234,0.045224511,0.198429986,0.206837987,0.012961604,-0.746785917,-1.077287812,-0.841415401,-0.944918739,-2.040579223,-0.275448435,-0.281916836
1,-0.414939874,-0.472456079,0.295284213,-0.05027802,-0.206269903,0.73821622,0.196665834,0.351814942,-0.41557514,-0.98201867,-0.920872382,-0.787378092,-0.320843139,0.050983433,-1.099629144,-0.906650752,-1.316671818,0.135667238,-1.38906599,-0.545310348,-0.857527679,0.534008247,0.176016579,0.510812004,-1.409064474,0.669990912,-1.451396681,-0.164458037,-1.501665309,0.247534108,0.424226276,-0.052380238,0.02962915,0.184371387,-0.269368376,-0.226245098,-0.457270853,-0.207311414,-0.359730999,-1.844677831,-2.025300069,-0.552232386,-0.134645322,-1.190040504,-0.16290062,-0.732421218,-0.233277124,0.353935605,0.481900316,-1.096689141
-1,-0.278074529,0.131121159,0.726520111,-0.79830707,-0.142113682,1.0549306,0.443988568,2.663296484,0.435512321,0.22455959,2.234198793,-0.486138473,0.107066127,0.071034386,-0.671510162,0.34863688,0.312661984,1.258021785,-0.198780227,0.039723538,1.466306353,0.780112339,-1.688474886,0.936312465,-0.397290921,-0.748942929,-0.88323252,-0.740476009,-0.649272344,-1.014085961,1.629885639,1.147957028,0.403903838,1.676110043,-0.700720253,-1.222727549,0.852888396,0.416452787,-0.422438319,0.004266253,-1.711625875,-0.812056321,-0.914221881,1.280323901,-0.668481797,0.018079223,0.003214039,-1.434846363,-0.774012757,-0.72791565
-1,1.504491847,0.023131261,0.057545515,0.695138697,-0.008973327,-2.403390718,-0.03582815,-0.086517573,-0.291260746,-0.926496278,0.127065223,-0.524289652,1.100250726,0.60583474,-0.64982308,0.171122591,0.109423214,-1.933549484,0.83703322,-0.229690471,1.194196004,1.499906248,-0.758429838,0.603217636,-0.030901312,1.581159267,-0.131302128,-0.022259039,-0.499519541,1.071374963,0.332000855,-0.329596614,0.800741687,0.131342592,-0.556184966,0.242408947,-1.353728775,1.365563152,-0.569504462,-0.413383006,-2.127319793,0.178065663,2.005787462,-0.780756384,1.288414345,-0.090685524,-1.368383326,-0.345256335,-1.874969954,0.273208579
-1,0.48712827,2.002934505,0.706314385,-1.527336414,-0.012201073,-0.260366272,-1.018344365,1.983010251,0.807049557,-0.488495261,-0.261343883,-0.098796348,-0.846541915,-1.52489388,-0.768982867,0.153867295,-1.648944223,0.720814983,0.439359799,0.891186722,0.679183211,-0.314337802,0.968890107,-0.177644996,0.223398203,-0.543297029,-0.775461946,-1.183709111,0.551107139,-0.164106967,1.327614507,-1.625236659,-0.223136291,-1.098261032,-0.743032396,1.751482864,-0.697245961,0.343247345,0.458491396,0.004881627,-0.328839265,0.879085064,-1.328832256,-1.700916227,-0.848407447,-0.352737,0.64015724,-0.073231718,-1.119049252,0.588174978
-1,1.218653791,-1.041407639,0.222255156,-0.699784275,1.048143818,0.357432894,0.212739847,0.085688439,-0.295430646,1.136412363,-0.05630419,1.491853072,-0.317331613,-0.1104245,-1.599061345,0.244480859,-0.439146921,-0.055994121,-0.257988247,-1.392224075,0.663776115,0.103919298,-0.443815666,-0.048791815,-0.242893665,0.773706306,0.447355822,-0.704364362,-2.629500834,0.596439457,-0.212479047,1.117616488,-0.416500649,1.641631952,2.0489657,2.170337202,0.739164072,0.886227943,-0.932280958,-0.178915131,0.577275399,-0.901238634,0.206342452,-1.184900681,-1.501553306,0.800277899,1.463443507,-0.071758162,0.204713131,0.010638014
-1,0.420064412,0.226231319,1.186534106,-1.117723425,-0.209499949,0.424303133,0.421000231,1.111646351,-1.472158469,-2.114877062,0.464430282,-1.627990656,0.529293913,-0.189246794,-1.215842729,-0.144052421,1.518026961,-0.697799231,-0.250593739,-0.580894475,0.735578749,-0.3068333,0.951123574,-0.112888595,-1.030214277,-0.036194827,-1.02102556,-0.231659851,-0.680909225,-0.717607472,0.880707022,0.518307205,0.670290183,-0.320415269,0.543104216,0.361538296,0.716699428,1.308173844,1.5758004,-0.29290272,0.520141861,0.960687119,-0.465680815,0.621047772,0.017118553,0.534065193,0.121915211,-1.071911249,0.258910136,0.601955807
1,0.240742536,-0.463324403,0.90310443,1.940097709,1.494233443,1.38772139,-0.033275535,0.758199597,-1.82627009,0.838903509,-0.300862639,-0.453423158,0.695059725,0.500161345,-0.277419936,0.010859761,1.209866187,-1.314853368,-1.231567202,0.677395802,1.120302003,-0.756640191,-1.463268036,-1.003166159,0.753916214,-0.057443753,-0.166389528,0.091438731,2.045022028,0.223567931,0.931786135,1.473349988,-0.076731692,1.529009284,0.18659923,0.751121949,-0.580767299,0.152550999,0.986503069,0.077714351,1.422502735,-0.401863199,1.245444323,-1.322297261,0.353309591,-0.831852756,0.419626106,1.030107213,-0.769450796,-0.517184528
1,-0.015668395,-1.223863327,-0.535366924,1.129985687,0.016937162,-0.292120658,-2.508870921,-0.324322669,0.422936351,0.787920901,-1.410961598,2.198163644,2.348639394,0.537959863,0.803947617,-2.107086871,0.258287685,-0.186678571,-0.284402311,0.122964339,1.383042864,1.005718016,-0.522779361,-0.915876102,-0.515467864,0.651214462,-0.750379893,-0.54904937,0.358976313,-1.407508161,-1.850266457,-0.78939015,0.471467526,-0.675547471,0.146304611,0.502692879,-0.753708904,0.280658634,-0.405282024,-0.599741284,0.921506249,-0.612303352,0.760735547,0.131384816,0.127550164,0.282943554,0.521904203,-0.154019434,0.082729912,0.1108838
1,-1.05213842,1.661660422,-2.731391032,-1.943555674,-0.268260608,2.18500003,0.315016454,1.024551474,-0.111872372,-0.239045241,-0.206654403,1.730401553,-2.146083996,-0.411123091,-0.034556017,0.102821277,0.58653912,1.485600043,0.058643763,-1.619579639,-0.831087791,-2.884270475,0.120833478,-1.177547778,-0.339425436,-1.36177013,1.649185904,0.112196983,0.500742884,-0.167114528,1.370208677,-0.547614735,-1.014325375,-0.105810962,-1.203517233,-1.495511203,1.032609519,-0.008870169,-1.038200171,0.679209937,0.376308532,-0.182454457,-0.706222728,-0.825257821,0.849815561,0.500469005,-0.211010422,1.009629326,0.117361698,-1.738989668
1,0.663057126,0.462537704,0.791612614,-0.710290951,0.468378055,1.806199785,0.505763737,0.562538139,0.98131324,-0.178701023,0.167047945,0.200094987,-0.656338244,-0.292488933,0.813365068,-0.665894681,0.030230299,-0.175193009,0.506042989,-0.294257495,-0.976582941,0.281042333,0.291886268,0.887382843,1.218882552,1.610301421,0.552619527,-1.779082769,-0.923980563,0.453116858,-1.603483211,-0.51525186,-0.205283208,-1.55977154,-0.388621478,1.388227738,-1.302966715,0.103104032,-0.524497074,0.415112004,-0.174446007,-1.323317855,0.275879534,1.172621606,1.79262811,1.496856495,-0.282363828,-0.674744574,1.565194576,0.375047171
1,-0.018463447,-0.748241258,0.487850908,0.439331338,1.315530292,-0.485251661,1.31158198,0.647546896,0.432271468,0.108498989,-0.092069836,-0.640086221,-0.4020164,-0.58434854,0.865837859,0.993780364,0.096157883,-0.374817125,-0.483854013,0.309992503,-1.361194365,0.065961647,-0.422484717,0.549659211,-0.035679387,-0.415356767,-1.542512557,-2.549542959,2.191868737,-1.226349072,1.520300555,-1.103700131,-0.474793513,-0.534429516,0.75251194,-1.067630908,-1.360173757,-1.109014953,-0.335856691,0.266714687,-2.590591837,1.106905903,-0.218539074,0.231798503,-1.005592597,0.136792008,1.622362004,0.31427794,0.993546201,1.573347152
-1,0.003539486,0.028394119,1.10306363,-1.116185818,0.14472637,-0.874818811,-0.701591417,0.386642889,1.859724005,0.827427812,0.729170259,0.099556988,-0.219515492,0.347214526,0.435875267,0.132865504,1.042352192,-0.158892956,-0.324347462,-1.927281867,-1.241714448,0.221365686,-0.71015134,0.563027363,0.455000791,-0.057705058,0.333872126,-0.705044974,1.891094685,-0.041240702,-0.17405697,-0.25677909,-1.748763488,-0.317630504,1.393647276,0.559939617,-0.43975888,2.397502032,0.456081225,0.165927486,0.020388158,1.287030546,-1.652108143,1.410183435,1.374909609,1.111205544,-0.055924731,1.135681834,-0.107517055,1.025286175
1,-1.579961624,-0.573940097,0.888344675,2.114057497,-0.940817501,1.714073775,-0.905719499,-0.481572102,1.441163123,1.574967578,-0.80465003,0.040381345,0.546667242,-1.797447853,-0.753846138,-1.451191687,0.841965236,0.464719027,-0.977654816,2.221417498,-1.612932848,2.250914578,-0.184724479,0.746627325,0.05770079,-0.22070503,-0.442511266,0.187186482,1.038226352,1.115828074,1.374551291,-0.531195375,-0.078176118,1.21270785,-0.057930903,-0.093529981,-0.245921814,-1.936442858,-3.856702771,-0.296488359,-0.641404807,1.147686739,-0.065976099,0.666269558,-0.426826868,0.78473807,1.812363462,-0.898955835,-0.620435586,0.382973169
-1,0.562926973,-0.673747165,-0.266459019,-1.501044748,0.409962905,-0.478958183,-1.262328909,-0.40609937,-0.43378024,0.429726691,0.760231395,-0.474572383,1.330586098,0.453577486,0.24399268,0.738560632,-0.914984161,-0.946771976,0.59578066,-1.108107413,1.525927368,0.471368149,-0.7648929,0.724242354,-1.449613482,-0.676533434,1.375964049,2.138108915,-1.536333849,0.053687952,1.32543702,1.458295021,-0.112739731,0.191486547,0.4601084,1.175114465,2.397709875,-1.39632915,0.233219408,-0.612228228,0.768060313,-0.224221959,0.025633074,0.716433482,1.949238351,-0.551298469,0.393567114,0.98522193,-1.324024865,-1.724099431
-1,-2.224618654,0.623460251,1.361860734,-0.771309794,-1.168535277,0.141599918,0.280629979,2.225328147,1.302855392,0.705284773,-0.864655765,0.137333655,0.243901141,-0.616075685,-0.537597436,-1.172514236,0.568224929,-0.390391597,2.153744384,-1.318960902,0.757249284,-0.147476478,-0.305968145,0.206817198,1.212839946,1.307753836,0.330777196,-1.853042401,-1.428737568,1.187650701,0.080439045,0.042642918,-0.531451288,-1.254393818,-0.355224331,0.993232462,-0.012499947,0.755429615,0.178896445,-1.514929862,0.31373064,2.374512037,1.346678525,0.554645392,0.511102604,-1.373004674,-1.60375929,0.538815456,0.958273423,0.238931617
1,0.30774136,0.06677748,-0.861217514,1.101110728,0.308160274,-0.497538534,0.195342876,0.700909409,-0.189235641,1.113948168,-0.701336961,0.040857254,-0.370746299,-0.166400277,0.199836856,-0.818710529,0.053843653,-0.832260598,-0.610803039,-0.056940923,-1.620530447,0.239447321,0.198049244,0.086923466,-0.142269653,1.024852316,1.201801265,-0.082621061,-0.327621872,0.237030693,0.662593532,-1.353947786,0.177170102,1.190082883,1.377047551,1.503100022,-0.643242933,0.309613354,-0.901744119,0.335349071,-0.189508958,-0.064779869,-1.636733626,-0.943009972,1.698315184,0.424040072,-1.32367314,-1.302409375,0.542808556,1.142843407
-1,-0.794612735,0.784379558,0.739117933,0.113194839,-0.284474955,0.120577051,-0.609151048,-0.500445725,-0.222770983,1.601183433,0.525953266,0.284733066,-0.650437897,-0.7791429,-1.460760755,-0.585733302,0.464240994,0.257128946,0.676410418,1.10705658,0.607407927,1.005655559,-1.638727786,-1.55259981,1.722009516,0.009070448,-0.919944689,-0.759797927,0.122046634,0.443692363,0.353156758,-2.605893842,-1.956228894,-0.630096781,0.397090477,1.289963662,0.196047679,1.145443527,2.839409059,0.418732408,0.436596654,1.120746418,-1.317253299,0.057859707,0.410152883,0.419552208,0.374898333,-1.779449671,-0.686763805,0.283432572
-1,0.157712167,1.410914723,1.394110786,0.582640907,1.559495215,-0.471627877,1.048735395,-0.684007965,-0.164090032,-1.492109698,-0.445860399,-2.206165649,0.570900381,-0.785423959,0.418633007,-1.505313208,2.067701662,-0.779731948,0.738694654,-1.797791262,1.08037217,-0.03874848,-0.347964106,-1.266032226,-0.353898092,0.465750511,0.003846378,-0.94072952,-0.415956919,-1.357294476,0.36513968,0.667758468,-0.424589016,-0.921888259,-0.922986705,0.794422339,0.420017595,1.169068529,-0.475592825,1.368116518,-0.528524927,0.046581025,-1.592917816,-1.700822758,1.119795628,0.222552052,0.024020765,1.409274796,1.262766086,-0.301474431
-1,-1.94563995,-2.092021077,1.326371287,-0.211020357,-1.39035923,-0.190573001,-0.806893566,-0.34883389,0.724159569,-0.00758056,-1.017399156,-0.91072382,-0.140866685,0.984368443,-0.708997764,1.306873302,0.62878642,-2.131824744,-0.175931777,-0.413106243,0.891312772,0.334915988,-0.218534624,0.794567906,-0.154766323,-2.306178389,0.247562139,0.06865387,-0.692359133,0.151231796,1.366728005,0.309839491,-0.076224099,0.226784476,-1.432996009,0.927779473,0.486036344,0.705847819,0.348761338,0.356912323,0.293239827,-0.0976946,-0.571390713,0.549700169,1.660593381,-0.876315938,1.203287454,0.101427655,0.63478271,-1.675646403
1,0.714172761,-0.80735735,-1.976461312,-0.109778659,0.757996671,0.720129554,-1.67826676,0.25740408,-2.079204119,0.391972353,0.645656445,1.642092182,2.151670136,1.571321301,-1.095261577,0.585985162,-0.121474434,-1.517084324,-0.636669905,1.443568556,0.771656709,-0.378813997,-0.204946592,0.526785275,-0.503263259,0.452962279,0.386163065,-1.307686856,0.689598003,-0.522536965,-1.340169643,0.156995792,-0.945500082,0.742940459,-0.688031201,1.30062754,-0.132215746,-0.958788827,-0.941857054,-0.453768664,1.276746489,0.066656539,0.577865075,1.550029413,-1.007450693,1.428681122,-0.178551768,-0.656747414,0.108909571,-0.107187797
-1,-0.812071983,0.603025216,1.156550792,0.176405408,-2.333450307,-0.253297094,0.245978907,0.389116958,-0.803768984,-0.127016945,2.372049438,-0.384912241,-1.325464645,-1.368160811,-0.258958004,-0.321866348,0.185118377,0.314467802,0.701867615,-0.625954475,-0.037603423,1.387365026,0.457758315,1.32031256,-2.270136046,0.269287155,0.603562263,0.066046084,-0.669387382,0.476252388,0.907278301,2.338031091,-1.602994186,-2.118363206,-1.44165154,-0.191701952,-0.530463854,1.300519929,-0.135988582,0.244782613,-0.999768349,-0.177109627,-1.243147138,-0.331982104,1.421636495,0.047872314,2.199518994,0.828649391,-1.447726304,0.747430185
-1,1.137736363,0.598933644,-0.710598446,0.164770942,1.055723612,0.09132932,0.38787294,0.602503462,0.193247082,-1.584179633,0.74264081,-0.943274377,-0.36620338,1.458544147,-0.757353576,-0.065511582,0.68614035,0.123835033,0.077720028,-0.037237871,-1.212778996,-0.375205039,-0.090506618,-0.666843783,-0.099591738,0.955609293,2.00710886,0.170409812,-0.353892634,1.404822544,-0.213346478,0.85889436,0.446475929,-1.506245913,0.104700454,1.964248454,0.010457429,0.141074515,0.242655144,-0.026608717,1.718379181,-0.249295043,0.861982956,0.783754393,-0.840445463,-0.162190149,-0.121251498,0.740043115,-1.770027153,-0.366492884
-1,1.542307166,-0.217770624,-0.283947764,-0.303937979,0.568605748,-0.40296697,0.961223518,-0.150616328,-0.221309137,-0.846726917,-0.687584845,-0.771660329,-0.884361128,-1.391467017,-1.210142848,-1.373479297,1.558834706,0.97561683,1.004105073,-1.628825022,-0.036909633,0.813513005,-1.337773849,-1.148349139,0.156297912,1.039045011,1.30808708,-0.413706238,0.322480081,-1.757381818,0.72122241,0.307192271,-0.41754851,-0.55354856,0.862583115,0.839811282,0.41125687,-0.557605801,-0.801368099,-0.550938604,-1.22094178,0.959060054,1.080805722,0.162699184,-1.446526469,-0.802326504,0.302144091,0.055839394,0.237174093,1.794106026
1,1.402642411,0.05628999,-0.257114662,0.165844268,-0.035788728,0.453566636,0.599449056,-0.670848901,0.018841068,0.307553932,-0.462158145,-1.071072407,-0.390805479,0.798133681,0.564107538,1.054005403,1.690184793,2.171161898,-1.445422747,0.034336353,1.075849787,1.579506053,1.236960131,0.175144803,0.292691015,0.411840896,0.7400367,1.787947154,-0.553030359,-0.425005156,-1.0307781,-0.523612781,-0.709221854,1.290368271,-1.508159456,2.102160472,-1.737857982,0.57802505,-1.00117947,-1.368241297,0.834531103,0.200590311,0.31659153,0.039218533,0.149756643,-0.187266247,1.978949521,-0.921801262,-0.674721719,1.757197981
1,0.716838669,-0.698533013,-0.453893154,0.75492147,-1.776753172,0.579169433,-0.700020928,1.156640419,-0.234422881,-1.738975296,0.503371485,-0.701821398,0.695174267,0.158434442,-0.009108344,-2.539082096,-1.129045428,1.121906353,-0.148458219,-0.097930388,-0.263268379,0.411906886,0.779020137,0.584395386,-0.091045387,-0.227104301,1.390625435,1.562825458,0.768506418,-2.486915979,0.365535118,0.012122936,-1.037000243,-0.585945217,0.125289122,0.854299431,-0.554401426,-0.623850294,0.366025072,-0.658676846,0.666322042,-0.35494491,2.397234656,-0.202375112,2.717477902,-0.131088576,-0.394512094,0.626773003,-0.360266101,2.750761079
1,-1.407009485,-0.200561526,0.203236723,-1.294350494,-0.505267069,-0.339100514,0.114398638,0.489381367,0.512939163,0.87593074,-0.385159185,0.232795287,-0.764087448,-0.387613986,-0.357945045,-0.77811155,-0.168616828,-0.472905235,-1.951843855,1.997734086,-1.567858143,1.038121646,1.176774843,-0.985979979,-0.528053285,-0.229018186,-0.320893849,0.568887658,0.775862878,0.711052953,-0.101067368,0.268288362,0.027793093,-1.257683263,2.135210359,0.173958806,-1.272871542,0.543110132,0.205826229,-0.634434982,0.534339603,-1.078891326,-0.356516676,0.596193436,-1.418360241,-0.017998924,1.235207008,0.229538175,0.768095806,0.051425779
-1,-2.328501599,-0.17224384,0.609451749,0.17127984,0.115000431,1.332921916,-0.433567135,1.157957148,-0.166255535,1.3049926,-3.374778592,0.714674272,-0.983912967,0.415991874,1.095932324,0.413379552,0.975734425,-0.603587902,-0.181463953,0.428697255,0.280817496,1.049538953,-1.345544811,2.2600114,-0.300651994,0.220323865,0.614637714,-0.013874305,0.781957397,0.628996969,-0.981248614,-0.127469686,-0.606510605,0.765055106,-0.09818845,0.758205355,0.177195879,0.499725532,-0.339132276,0.268842836,1.719774721,0.403348151,1.317330474,-0.03100623,-0.906916739,0.28469987,-0.295131828,1.563372913,-1.127116501,-1.263981132
-1,-0.287340309,1.895138589,-0.401808541,0.764719623,-0.135824426,-0.421776791,-0.161469321,0.977776961,-0.212581884,-2.543373975,0.455114593,0.374741097,-0.49557688,1.084520562,-2.138960086,1.867063321,1.263826728,0.753279917,-0.701306107,1.462462731,0.309972098,0.329541763,-0.387349144,-1.264539763,1.300504523,0.366285092,-0.402945178,0.124757898,0.465239617,1.430416063,-0.033590572,0.542606808,0.398541923,0.252425612,-1.29133955,-0.568769648,0.460324258,-1.163108395,-0.344222702,-0.792286405,-0.240985194,0.997480827,-1.131849718,0.59692327,2.774035223,-0.654708059,0.344785704,-0.027211563,-0.905117674,0.027900263
1,0.445226432,0.424108428,0.482610498,-1.296013927,-1.174913949,-0.364036321,1.181653313,0.027277042,-0.431309075,-0.391992412,-0.546545704,-1.11450124,-1.046952468,0.703135648,-2.099998401,1.751532193,-0.484034075,0.329967345,0.495979648,-0.342553223,0.820503815,-0.89812648,-1.17154236,-0.101147213,0.123722502,0.209712603,0.217211075,0.194068974,-0.44301945,-0.049937305,-0.292200935,0.095797051,0.17147731,-0.465463503,-1.870772132,0.751955826,-0.716419979,0.345327387,-0.25026129,-0.176257816,-0.228130083,0.249596392,-0.175585243,0.451259793,-1.67218218,-0.320209647,0.615692698,0.178274509,1.373858092,-1.027803413
-1,1.361912096,1.652207264,-0.34630583,-0.087231478,0.376939384,-0.62305256,1.155770084,1.158834345,0.200416025,0.301134725,-1.951008502,1.109564013,1.849470785,-2.367136809,-0.137640023,0.882492576,1.11963361,-0.25778108,0.320434967,-0.988705881,-0.007180047,0.006157118,-2.99935612,-1.092352535,-0.652466141,0.761553466,0.028237808,0.235184298,-0.375959108,-0.717198715,0.992393036,1.504678899,1.829550189,0.17297494,1.204159812,-0.725156871,0.047746457,-0.316650936,-0.528685966,-0.994506118,-0.902243378,1.340920772,-1.856794779,-0.608058705,1.381719006,-1.029972116,-0.176607891,0.365733967,-1.684048204,0.914230695
1,1.55158408,-1.432872181,-0.112737472,0.793871057,0.317884743,1.450510546,0.198893184,-0.005782818,-0.175601834,-0.498768932,0.694128691,0.810365222,-0.346824041,0.770987963,1.736824323,-1.170874458,1.162652738,-0.880497385,0.176098305,0.890099187,0.693845237,-0.131236462,0.057227365,0.090750253,0.446348722,0.149568748,1.161676862,-0.059848956,-0.866451821,1.111438159,-0.126338332,0.067185935,0.041427217,-1.114476718,-0.488010603,0.210111272,-0.491722674,-0.599800585,1.899867984,1.013666758,-1.544790253,1.168003768,-0.40778742,-0.529315281,0.646989091,0.099080167,0.732874267,0.291866136,-1.057266653,0.857350713
-1,0.575248455,-0.400099702,0.114703862,0.954983417,0.933567654,-0.383428918,0.133274434,0.711138735,-0.982441952,0.224250906,0.70969926,-0.343485286,0.687635146,2.755317486,1.822564466,1.23228725,-0.229221937,-0.109751843,0.549779034,0.258269667,1.307120661,-2.142224283,0.385847656,-0.143055667,1.820468936,-0.988067728,-0.47710892,0.336529866,0.264543453,-1.163042304,0.514038179,-0.248226341,0.663811091,0.103151193,0.285693866,-1.707470123,0.76484941,-0.063388786,0.694142698,0.759032591,1.63225776,1.031658132,0.514268075,-1.134346479,-0.09481105,-1.08115796,-0.439868635,-1.52554985,-0.645566218,0.738081667
1,-0.24580036,-0.569783393,-0.170631191,0.467241665,-0.636749773,-1.747776829,-1.059237836,-0.353032294,-0.74326719,1.123455188,-0.144322161,-0.786166608,0.70088566,-0.789362853,-0.16913868,0.762319408,0.621315284,-0.658318134,-0.811084245,0.02025184,-0.000654194,-0.848036602,-1.201012954,-0.896979797,0.477959355,-0.382016868,0.797006078,1.414518183,-1.527011528,0.645604773,0.045925455,-0.053235598,0.703449686,0.038688331,-2.39787642,-1.508695164,-1.343396311,1.141183605,-0.541992989,3.374665962,0.853065146,1.138747735,-1.501795527,-0.496753585,-0.72173696,0.474029386,-0.19954462,1.349800947,1.510049266,0.864360342
-1,-0.05910749,-2.578584178,-0.00445754,-0.183974085,-0.372946069,-0.31223456,-1.557447614,-0.435237642,0.844478875,1.459931803,-1.282093931,-0.996100935,-1.042723894,0.632419951,-0.637993965,-0.698605154,0.257922449,0.314508408,0.216013621,0.013359404,0.943920877,0.888847534,-0.494118819,1.139283363,0.564564908,1.711582798,0.487429299,1.498995801,-0.557693479,-1.49687513,-0.003418518,0.875282619,-0.72065036,0.21824988,1.717111987,0.59553988,0.341627853,-1.218140711,0.309183373,2.078758386,-1.996037898,-0.866130554,1.055920985,-0.707029602,0.655371923,1.971138586,0.692108057,-2.703898593,0.578205736,-1.586310951
-1,0.011797275,1.182828587,0.676592674,-0.264338301,0.542273896,1.112891449,-1.428750763,-0.560285065,0.626285551,-0.93077364,2.264569303,-0.756456137,0.619215143,-0.016962992,-1.831970233,0.074305516,-0.044226986,-0.944962113,-0.535345638,-0.381354641,0.032823643,0.352470198,0.925761832,-0.502494483,1.348108056,-1.364480269,-0.127034248,1.267132977,-1.073775415,0.71919686,0.064588654,-0.666315038,-0.286518476,-1.983261043,0.27971092,-0.154451614,-2.500430549,-1.032629602,0.292633843,-0.250712481,-0.650205591,1.106763774,0.215502501,0.218097201,1.785629965,-1.332946132,0.499293618,-1.063117149,0.963905543,-0.936040924
-1,-0.098277106,1.775674615,0.137620598,0.077474606,0.760032036,-2.239591196,-0.301351903,-0.602814697,-1.798905889,-0.01644226,-0.706348508,0.084963824,2.418416907,-1.129679964,-0.335128915,-0.809916278,0.108992116,1.610276189,0.333901892,1.352255356,0.256735521,-1.601915559,-2.149870784,-0.947339708,-0.330812734,-1.146488401,-0.073746642,-0.9025979,-0.821117406,0.675606485,-1.471689334,1.309162949,0.528999162,-0.2999617,-0.854491215,-0.487037573,1.022927395,-0.375484046,1.235548466,0.157202618,0.451909479,-0.206670721,0.412964086,-0.878974731,0.762893924,2.036050332,1.023383674,-1.311140032,-2.760710678,1.50744182
-1,-0.104646334,-1.338107289,1.050256365,-0.774551613,0.752643722,0.312127311,1.32271434,0.044831223,-1.162125064,0.94373646,0.507435541,0.684808004,0.810889175,0.894473463,2.162610065,-0.308858257,1.229167368,-1.140595771,1.518203545,0.195461684,1.420104922,0.554533018,-1.627640786,-1.623736835,1.476042419,0.403063533,-0.408526894,-0.028311907,-0.310309383,-1.586556085,0.514007561,0.593086346,-0.819240872,-0.596350688,0.048919142,0.698193851,0.053666793,0.150548533,0.346061201,-0.463652777,-0.661077464,-0.072570597,-0.790591498,-1.245593211,0.445190575,-1.310838499,-0.371853524,-1.571562036,0.468148727,0.10294052
1,0.224472111,-0.044032066,0.484650957,-0.141493027,0.139600397,0.436217973,-1.552390044,-0.266852912,0.95030643,0.855403169,-0.775325887,1.361754752,0.236217842,-0.254215653,0.314063492,-0.010820558,-1.389934758,1.412557933,-1.153039192,2.175569924,0.340921771,-0.347392964,1.774033516,-0.888501363,0.763791418,-1.085282918,0.025711199,0.862156828,-0.18960471,0.013525132,1.123101459,-0.024193468,-2.235058683,-1.37613198,-0.629629757,1.741170214,0.322105252,-1.063965271,-2.17497526,-0.598222566,-0.110215687,0.007940268,0.555587134,0.37274426,0.292735501,1.388968772,-1.725743282,-1.000776792,-1.072794879,-0.745062837
1,-0.399715485,-0.038738989,0.217854097,-1.493316603,-1.492710625,1.657115981,-0.728601379,0.988177913,-0.142482752,0.433796682,0.280275094,-2.057928562,0.46159263,-0.633249866,-0.33971287,0.755561312,0.624086258,0.332073647,-2.433557184,1.096665344,-0.586093846,-1.233235084,1.351888921,-0.780771029,-0.623940698,1.141821228,0.40888204,0.279653323,-1.255537412,-0.133991493,0.985504174,1.31663845,-0.151268291,-2.349822421,0.584706362,-2.748634767,-1.759180425,0.326429032,1.172268908,-0.93860713,-1.106126634,-0.795623016,-0.244851848,1.549746447,0.368333943,-1.218607847,-0.983605466,-0.558090706,-1.578391791,-0.534213251
1,0.933173689,0.493110557,-0.719764261,-0.089938132,0.738786098,0.648545057,0.027018261,-0.112535768,1.49121576,-0.834712262,-0.526028921,-0.400240392,-0.227591932,0.226466661,0.312217055,-0.555421362,1.280584105,-0.394265304,0.365828749,0.855493875,0.746618815,1.075158655,0.590217731,-1.518123168,-0.187720614,-0.73104694,-1.11742384,-0.191586227,1.171934548,-0.510549312,-0.283272061,-0.726405044,-1.023310375,-0.821356538,-0.991759604,0.882835837,0.022546943,0.476334966,0.248034854,0.901493511,0.129770051,0.701437632,0.612592387,-0.965378694,-0.164517844,-0.229573369,0.653248825,0.881045309,-1.829435871,-0.367420835
-1,-0.614628602,-2.281458665,0.100768946,-0.839024489,-0.894506173,-1.246324436,-1.766456898,-0.078244123,-0.991069397,-1.298397273,-0.757074055,0.211119244,-0.581294764,-0.658184789,-1.440449663,-0.679806527,-0.441369603,0.079500399,0.360761536,-0.023478898,0.301749696,0.43687114,0.059747787,-0.849442887,-1.281563295,-1.439345914,0.121523873,-0.198783156,0.670216942,-0.111157065,1.190596579,0.793989387,0.053618805,0.36361991,2.046859299,1.566165059,-0.93853165,-0.597949309,-0.610528795,1.305525442,-1.084390367,-1.32648293,0.328377966,1.461849124,0.467821803,0.3007624,1.138559943,-0.123836157,-0.84164967,0.458878588
-1,-0.571701809,0.411920876,0.293582653,1.433347886,0.600268014,-0.947521775,1.479155124,-0.687713306,-0.064000947,-0.052279471,-1.142475585,-0.565884063,-0.666360249,0.539431545,-0.581365787,-0.977384584,-0.146771442,-0.409389663,-0.30965935,0.046385202,0.329631785,0.464111658,0.401666198,0.918820116,1.087396772,0.728594516,2.249671101,-0.736268187,2.581150163,0.923777894,1.02004743,1.434111656,0.120586514,1.857958134,1.959497719,-0.617760822,0.795794191,-1.818102844,1.055693279,0.388048825,-1.990790316,-1.048349224,0.320808797,-0.791998535,1.112424313,-1.293783786,-0.825078638,2.234007454,-0.233676533,0.629127225
-1,0.823339995,1.62490253,0.409890037,0.855775408,1.281147864,-1.350831209,-0.032151104,-0.466307777,-0.271788881,1.79671829,-0.204027794,0.573769421,-1.217428516,0.847107378,-2.443536431,0.855076866,-2.007252419,2.146680379,1.362217871,0.346812413,-1.220195813,0.46629489,0.386755806,0.236940845,-0.21364832,-0.069524734,0.463669092,0.464714705,-0.844270706,0.242120833,-1.244766233,1.449103458,0.618007038,-1.41646556,-1.232944126,-0.866525476,0.864886592,0.90385702,0.587180536,-1.135430058,0.039775913,-0.216181286,0.051526181,0.958352767,-1.835735876,1.004555546,0.415455364,-1.581999035,-0.956721672,-0.698430155
1,0.692023459,-1.430446821,-0.609637528,-1.063632637,0.058231252,-0.099268176,1.833859942,0.450493409,-0.034803342,-0.385388363,-0.345196693,2.201940671,-1.470070528,0.445993223,1.095090286,-0.334859125,0.248846648,0.114025686,1.82200784,0.763163753,1.418405112,-1.0171428,0.105894834,-0.864597953,0.537282734,0.440396718,0.251574994,0.497741959,0.742989463,-0.703753547,-2.826575738,-1.001562522,0.303764142,0.278528772,1.75324957,-0.650653371,1.005518089,1.54435567,-1.499553193,1.573221787,-0.830028378,-0.176451239,-0.882690732,2.001355918,0.806687557,-0.704353665,-0.447584805,0.282663293,0.584648027,-0.840378576
1,0.544722177,0.168870142,-0.886285519,0.712348491,0.76403001,-0.082352548,2.124384239,1.498612969,1.727923812,0.277750731,1.096328568,-0.540106238,1.272507593,-0.031351175,0.949661282,-0.355228403,-0.416634961,-0.845901559,1.905603237,-0.033985833,1.253960191,-1.674548598,-1.081569478,-1.107573123,-0.5079664,-0.848158831,-0.222493021,-0.74498806,0.839760122,-1.738375972,1.719319269,-0.908656488,0.889210384,-0.608674079,0.937800732,-0.720312044,-0.703942101,-0.649663049,0.295021872,1.922740084,0.983424643,-0.010873478,-0.606840393,-0.400133337,-0.264134565,-0.199023163,-0.909811584,0.517047848,1.010370063,-0.683498654
1,-0.618268374,-0.578568083,-1.522941781,-0.924253215,-0.587115049,0.920157253,0.807940626,-0.500157565,-0.821113392,-0.582368349,0.529043121,1.094518921,-1.394377903,-0.193766251,0.028982939,-0.167114617,0.547851374,1.903607617,-0.29004188,0.089548801,-0.017083953,-0.606237011,0.64736635,-0.411763164,-0.355854369,0.658685797,0.851714573,1.073613553,0.376928126,-0.785082083,0.936953219,0.798136233,-1.224792883,-0.011916589,1.071262342,-0.846081276,-2.152726858,-0.294639905,2.076066453,0.570174957,0.372664221,0.262299329,0.225490161,-2.388549114,0.796370831,-1.044108662,-0.818730638,1.897271912,0.378760678,0.294868225
-1,0.513615038,-0.107783381,0.423658539,-0.943799945,0.898932884,-0.545086896,-1.174060986,0.454529542,-0.262009375,-1.281765617,-0.42688486,-0.793683973,0.145472074,1.298749139,-1.395502254,0.837765687,0.891183133,-0.939937945,-0.745868948,1.561025793,-1.02156143,-0.279561793,0.32141396,-0.63615848,-0.102985105,-0.029602042,-0.039266159,-1.674770345,1.305986392,-1.315076908,-0.699755646,0.264780184,0.870408975,-1.367314517,1.451887028,-0.221383249,1.657689225,-0.689749438,-0.811427425,-0.130507025,-0.405092901,-1.063685335,-1.509320266,1.112397707,0.050961435,-1.638665027,0.780652772,0.985375409,-0.572768735,1.294150903
1,-0.752164742,0.085105625,-0.759473057,1.172885305,0.84269861,0.126735751,-0.045241469,1.500085141,0.751660106,-0.861110702,0.224558622,-0.183445623,0.424722493,0.876135931,0.971105517,0.743266565,-0.319797578,1.500638934,-0.896783192,1.848717305,-0.549612649,1.269668878,-2.494203712,-1.531624556,-0.297454893,-1.102554715,0.942338132,0.024594462,0.454936076,1.514933198,-1.769094049,-0.172033159,0.633221701,1.191424287,-1.204761913,1.232077095,0.999133746,-0.951262413,0.946809814,-0.540864645,-1.417555772,-0.215240299,0.313597159,-0.638471767,-1.1945333,0.469460006,-1.118976388,0.073432229,-1.362244445,-2.246050581
-1,0.183774542,1.370747207,-1.086871572,-1.346314585,0.80574686,0.697310468,1.365402523,-0.215012523,-0.031843942,0.467042591,-0.171477214,-0.25586881,-0.259572967,0.647771617,1.948611186,-0.111511204,-0.769263391,-1.003843576,0.148587778,-0.633465581,-0.474504502,0.490412232,-0.282784592,-0.531348922,-0.775521087,-0.030590821,0.901861752,0.435769033,0.849283611,0.841026054,-0.483911881,0.929668539,0.216699803,0.043497864,-1.407310788,0.506507795,-0.248919707,0.578273773,0.702928477,0.111724175,-0.89004953,1.435055907,-0.932210818,-1.324655482,1.171332398,-1.500571387,-0.066443158,0.115376515,-0.907861296,0.486861553
-1,0.826908259,0.997161259,1.036379904,-0.29446255,-0.720125085,1.403482103,-2.400498458,-0.310706132,1.248646748,-0.99505791,-0.816990093,0.309581035,0.617221128,0.268340371,-0.429861879,-0.568395324,-0.982321393,0.495194755,0.128051154,-0.720918475,1.168495281,0.102922898,-0.312327831,-1.19722962,1.119525426,-0.285430688,-1.626611115,0.939989033,1.697561855,1.097680102,0.985562104,-1.18668397,-1.699761566,-1.313745949,1.526545418,-0.187085171,-0.711668918,-0.337372795,-0.826332744,-0.161469378,-0.556930704,0.083531471,-0.380074943,1.962443207,1.205962412,-0.438509474,0.561659611,-0.671350884,0.664797494,-2.024231176
1,0.231948525,1.364474251,-0.194305793,0.756619511,-2.325654894,1.493496928,0.3003348,-0.904818188,-0.077618375,-1.648474657,1.848230052,-0.501203499,-0.524187321,-0.162742704,-0.3490663,0.926413433,0.50945188,0.066564888,-0.351354966,0.419992491,-1.778399856,0.369597287,0.078870005,0.348690776,-0.958889498,0.733819235,-0.837383569,-0.358738868,-1.026500875,0.742804143,-1.364194633,-0.953066587,-0.790007758,2.381490376,-0.050620157,0.468961912,-0.05150805,-0.837898455,-0.818299294,0.585093844,-0.870152869,-0.332702925,1.891385548,0.621386099,-1.526204736,-0.042644519,-0.374758598,2.058184323,-0.227351903,0.610951437
-1,-1.4685997,0.839994964,-0.938846315,1.203827041,0.889363784,-1.033973627,-0.891572192,0.152360498,0.632162323,-0.947005234,0.30015569,0.651138681,-1.429081255,0.474710761,0.530882129,-1.129980635,0.097997166,0.088632946,-1.567682606,1.286461715,0.518029087,1.349989181,-1.302962735,1.873775485,1.162016587,-0.60221989,-0.089319805,-0.663235131,-1.575398978,-1.446539694,0.614190547,1.169507994,-0.574930781,0.505046178,-0.808009148,-1.033362799,1.799747163,-0.041513984,1.368144746,-0.44318362,-0.838492904,0.398547066,-0.079061016,1.333287854,0.993631235,-1.45829898,0.726284499,1.228344332,-1.265402582,-0.060620893
1,0.773129155,0.543957795,0.238956263,0.963404286,-0.09744435,0.1749541,0.288322051,0.257015284,-0.888126824,-1.292246103,0.41200612,0.067676591,-0.268106067,-0.619612199,0.170904095,0.949924882,0.22096964,0.52520247,-0.732863801,-0.504568672,1.196142061,-1.02415525,1.248467097,-0.698875336,-0.460431522,-0.286578448,0.872148012,-0.748734133,0.045781228,0.830791429,-0.587948668,-0.317700154,-0.343935934,1.663741917,-0.197083601,-0.724518841,-0.509503865,0.64341018,-1.222165653,-1.827152614,-0.570277035,0.444372284,0.285628448,-0.072010855,0.218742786,0.5438718,1.245841804,0.298520731,0.190006144,-0.051288214
-1,-0.47624928,-0.602620686,2.420804253,-0.28712755,0.460278081,0.303938173,-0.844122716,-0.792673804,-0.758465777,0.92312142,0.362367394,1.993750498,-0.897829424,1.01464226,2.131152961,-0.402218291,0.018441491,-1.300863124,-0.773829477,-0.047440093,0.360659641,1.879792466,-0.036332774,-0.846484943,-1.017469794,-0.157850776,0.601004996,0.749873895,0.363407878,-0.011500845,-0.77346618,0.956896182,1.002635163,0.430620327,0.006123488,-0.063877235,-1.361065343,0.241221046,-0.130565073,0.324408593,-0.497963765,-0.660413105,-0.710604843,0.73285539,0.185470115,0.243392986,-0.808721878,-0.078298935,-0.444503021,0.10510314
-1,1.523601353,-0.767474828,-0.708642489,-0.851012825,-0.300125308,0.730435614,0.815995168,-2.468264961,0.692053815,0.836133712,-1.215326752,1.793007306,-0.613128964,0.20605345,1.482993008,0.262889859,-2.185967651,-0.862065216,0.63940445,-1.223508586,0.545682073,-0.83113303,-1.175936044,1.034784278,0.441417069,0.364725292,-0.661389634,0.249757368,0.182709337,-0.09589919,-0.498586932,-0.055169357,1.767332385,0.948068885,-0.780635413,-1.257357471,1.397950543,1.428246158,-0.737728516,1.256610798,-1.105121498,1.802360231,0.331497362,0.103102124,-0.835617344,0.279045924,0.296209401,-0.857877409,0.408734308,0.091196183
1,-0.659627621,-1.217100483,-0.880770302,-1.205575754,-2.605997486,-1.148666654,0.684425213,0.343114836,0.025683238,1.265108525,3.396409723,-0.821547532,-0.870573883,1.482735163,1.574796901,-1.145129633,-0.03355401,1.754039086,-1.730740818,-0.915262287,0.10190987,-2.407242193,0.364335464,0.15137784,0.130766194,0.213974937,-1.139309249,0.906480665,-1.741814068,0.014581494,-0.95660163,-0.331326486,0.091969256,-1.79012693,-1.821791988,0.608746315,0.813560714,1.368055232,-0.919125688,-0.166821836,-0.369456074,-0.885655844,0.882357952,0.854582355,0.988086114,-1.067794449,-0.190564307,0.922245875,-0.408770217,0.316056604
-1,0.079227693,0.048791415,-0.889997445,0.032522053,2.062448676,-1.000787878,0.085770937,-1.279402218,0.605007732,-1.59301728,0.873804066,-0.498866256,0.743454666,-1.08253287,0.742515366,0.936381641,0.362828975,1.241607916,-0.273262138,-1.071736288,-0.652715509,0.507584317,0.22600687,1.302840319,-0.549945269,0.891026156,0.706941686,-0.144408121,-2.664755993,-0.78059596,-0.51891062,0.763177917,0.588394814,0.065711278,0.283094816,1.165138337,1.900974845,2.400784081,-0.736691943,0.893909683,-1.295847365,-0.184837188,-0.628166708,0.276327439,0.576366779,0.684011378,-1.038627547,-0.096920611,0.987638793,1.669830846
1,1.013096923,0.0426726,0.667911573,-0.146680207,-0.798592389,1.414248878,-1.282133925,0.462936598,0.214526002,1.402128092,0.433801632,0.67112825,0.035027023,1.31815259,3.519959067,0.658918484,-0.493315478,0.228261318,1.387447184,-0.757463382,0.898131117,-0.47590291,-0.420181946,-1.702342377,1.636630109,-0.331346701,0.38653462,0.659326701,0.446426786,0.179976378,0.841581905,0.604053537,1.604702324,-0.81539886,-0.177575042,-0.394071071,1.37295814,1.49748322,0.183725493,0.649475343,0.06638293,-0.908653852,-0.22121982,0.987468722,-0.919042623,-0.669804279,-1.497672164,1.017745613,-0.264450094,0.822987204
-1,-0.237065515,-0.368034618,0.358944715,-1.092063837,1.47866903,0.506758365,-0.076906182,0.186222316,1.026753835,0.293419526,0.686235947,-0.037671839,-0.966451101,-0.141108387,-0.716193528,0.037613336,-0.054828027,-1.193541724,0.671258643,-0.153205331,-1.110575646,-0.176140267,-0.116311115,0.38132533,-2.051365933,0.0026626,0.583688449,-0.425389193,0.939094643,1.666252749,0.074476963,0.347808025,0.539412016,-1.66805352,0.657194179,-0.336986367,-0.344781629,-0.148962879,-0.689553554,-0.485135457,-1.240459363,-1.097863241,-0.090707944,0.785494979,-2.154788512,-0.615816923,-1.135870582,-1.21634539,1.625338383,0.779608695
1,1.265753685,-0.413406801,-0.951967006,-0.055980716,-0.464205495,0.317897101,-0.122758628,-0.239726524,-1.908204761,0.185432541,0.817295175,0.706912238,-0.093015519,0.928483214,0.576150436,1.070212202,0.21898303,-1.618423273,-3.044644599,1.209466526,0.18442249,-0.155183414,0.457144396,-0.142521002,-1.270345608,0.138316644,0.549699922,-0.069616263,1.759161959,-0.305532887,-0.517710246,-0.035036287,0.494762868,0.871051287,1.199996406,-0.605223707,-0.108383728,-1.435194261,0.528554696,-1.731215927,-0.893112984,1.129405319,-0.223211474,-0.746508818,1.092178594,-1.296331723,1.002377077,-0.481645412,-0.566388381,-0.173961923
1,-1.675378705,-0.942426388,-0.841699736,2.133869409,-1.103242454,0.004744576,0.031454717,0.984443664,0.868698542,0.958334996,-1.313404918,0.46542823,0.371021007,-0.656983452,-0.686993261,-1.106159525,-0.685269974,0.221211553,-0.961361585,0.286118818,0.973195607,0.112989679,-0.593454975,0.013105973,0.570043558,1.203075159,-0.606189601,0.006906784,-1.826665026,-0.006246287,-0.536310946,1.177384125,-0.385825286,2.305076055,1.580201627,-1.301892851,0.1154994,0.528388149,1.769266545,1.567083878,0.362202151,-1.513441899,0.502824526,-0.2648272,-0.571754786,-1.000447116,-0.613102276,0.273259558,0.124112577,0.920497637
-1,-0.920152103,-1.742254541,-0.61334487,1.415645079,0.785483199,0.449297991,1.079246286,-0.295695817,0.797534354,0.037874857,1.961383849,1.309825781,-1.140641363,0.489540218,-0.070161633,-0.941147157,1.389347813,0.846468481,1.594639025,-2.373012968,-0.000320023,1.497167583,0.663821312,-1.762491921,0.181319272,-2.231210368,1.577209683,-0.65636909,1.052953305,0.974223474,-0.168887821,0.329636526,-0.224375759,-1.542012626,-1.128457461,0.283140576,1.076201346,0.762590729,0.715299527,-0.216832213,0.375124135,1.981291247,-0.846081641,-0.389934882,-1.48807136,-0.641772272,0.426592796,0.129984108,-0.451504474,0.121178123
1,0.423778326,0.653362426,-0.126703152,-1.304581231,-0.735954924,1.037897726,1.915002175,0.573969453,2.355768322,-0.547198548,1.397568686,0.624738415,1.303849088,1.38357059,-1.491292785,-3.26890655,1.856805917,-1.141537137,0.668163087,-0.230507385,-0.829610025,-1.51522919,-1.631331949,-0.232942341,0.453766963,0.766143808,1.131726513,1.384214841,-1.519573728,1.025252374,-1.020850966,-1.323191665,0.549463438,-1.16330497,0.948025137,0.52477065,0.673054523,0.951652954,-0.980136395,-1.423713679,-1.696797571,-0.817359522,1.098107295,0.185826453,-1.878445912,0.95235956,-0.742142712,0.557614901,-2.693769562,0.067021016
-1,-1.015067021,-0.171058452,0.653140931,0.723143824,-1.916444311,-0.971613487,0.893618293,-0.836792066,-1.423131414,-1.652215802,-0.212621288,-1.160196447,0.386340923,-0.477624928,-0.222046623,1.143724131,-0.587815118,1.101882369,-0.528456841,0.778232046,-1.052688142,0.256398104,-0.574167947,0.213188525,1.001250901,-0.86197938,-1.241118273,-1.555752447,-0.571803828,1.193004253,0.73133507,-0.91923035,0.483627343,0.299724187,1.267583796,-0.218933787,-1.071589185,0.042319832,0.769987644,2.091998083,-0.219816589,-1.165001125,0.249544816,-0.132338356,1.029146056,0.025058368,1.126683333,-1.230104571,-2.131415789,0.017375761
-1,-0.824527393,1.157862063,0.769316077,-1.668029643,0.926165734,-1.518607999,-1.045990111,1.301142898,0.722957195,-1.221914624,1.404667264,-1.47463751,-1.292875914,-1.330064482,0.10916469,0.717059713,1.570064759,-0.002909676,-0.480329204,1.240707692,-2.325257452,-0.84574335,-1.736782287,-0.268503946,0.559550071,-2.511285787,-2.498172425,0.461740343,-1.079653922,-0.945976622,0.250823544,-0.078374069,0.000990458,-0.007180247,0.555998883,-1.404986174,-0.476956614,-1.486995965,1.315857138,-0.945615228,-0.373560065,-0.310572187,-0.722864367,0.173660618,0.779088073,-1.370631678,-0.860862394,0.370543554,-1.070021143,1.093661141
-1,-0.432513371,0.895621033,0.856591903,-1.87209186,-1.60197818,-0.301064578,0.19294134,-0.918598543,1.063257595,0.20794099,0.850433871,1.203172228,-0.553130524,1.621482934,0.07637572,1.250136993,-0.40177717,0.76050886,-0.697347608,-0.167958645,1.140267722,-0.626210384,0.289514748,1.16226028,1.037954542,0.830536067,-0.151843932,0.774516849,-0.975448103,0.377660103,-0.015630459,-0.768696005,1.627394907,-1.033517211,-0.919765623,0.722363659,0.353773338,0.189059758,1.076959776,0.544966049,-0.432733075,-0.251642269,-1.38574537,-1.227636633,0.067134534,-0.373266293,-0.507751373,-0.62063482,-0.986290174,-1.430667187
-1,-0.34444522,-0.854577523,0.95644142,-0.948838759,-0.858330437,-1.054017871,0.397379839,-0.713944422,0.349239482,0.309044322,0.367117789,-0.46952373,-0.101591334,-1.627888637,-0.903903859,-0.200149075,0.328237541,-1.09261695,-0.334758852,0.263884049,0.154683416,0.146226277,0.289009917,-0.331037892,0.770197408,-0.837208427,0.010721493,-0.67022994,0.747749853,-0.814944804,-0.915661469,1.029270618,-0.17072376,-0.135252894,-0.225750168,-1.095250051,-0.063378547,-0.347315805,0.050647254,0.683606827,-1.349729365,1.989248809,0.924235283,0.127123618,1.840457486,-2.415265481,-0.911306766,-1.40169066,0.203884326,1.454970538
-1,1.875789887,0.044762564,-0.443932723,-0.584646618,0.032703874,-0.950190296,-0.049099889,-0.248876484,0.619561206,1.13309526,-0.716361318,-1.11504274,-1.796706206,-0.097394988,-2.248213158,0.584670231,-0.061025231,0.710119338,1.32055126,-0.666941607,0.105216159,-0.921312592,-0.607981345,0.472736178,1.133238525,0.633849103,0.694526433,-0.269533461,-0.700171804,0.267885834,-0.102697794,-0.327168127,1.104893948,0.258323701,-0.571211349,-0.815115261,-1.086993305,0.979094994,0.465455197,0.085919888,-1.831692176,1.29705991,-1.160632728,-1.493732043,-0.798224384,0.427103305,0.450450828,1.072917872,0.088158986,1.104274567
-1,-1.237716987,-0.995827208,-0.901215002,0.970198175,-1.507008533,1.152178274,1.118924619,0.5549043,-1.077481087,1.890085036,0.625002045,-0.322276316,-0.11441619,0.05008669,0.014864008,2.132122139,-0.466221494,0.342923952,0.670594799,-0.439154377,1.069094606,-0.054068703,-1.347585494,0.646571761,-0.693395103,0.081851045,-0.419117286,-0.924882189,-0.77050815,-0.722277584,1.854757412,0.938270581,0.431689652,-1.085537286,1.010453309,-0.385208178,-1.160940814,-1.419523886,0.981609582,-0.844001318,-0.959215187,1.41716983,-0.017943646,-0.355987691,1.365191876,-0.293433634,-0.737686628,0.467278168,0.374224184,0.713233071
1,-0.347506194,-1.074565562,0.238701354,-0.56403775,-0.726654657,-0.769232912,0.695886769,-0.184971244,0.51329757,-1.506086502,0.491843435,1.091065392,-0.46534517,0.570933158,-1.106326668,1.088271121,-0.658399796,1.477724154,-0.845119721,0.025690338,-2.180705459,-0.124181707,-1.221788342,1.460107591,-0.002012994,0.483397729,-0.389663754,1.693265312,-0.804776437,0.939237733,0.71769147,-0.599899925,0.916112808,-1.428220597,0.313066342,-1.277762773,-0.416834173,-0.503149825,-1.917618124,-0.807453063,1.187457003,0.812905328,-0.755316362,0.262761005,0.13930006,2.65138427,-0.459943546,2.328265057,-0.422805847,-1.116028869
1,-0.078750457,-0.019349542,-0.228305167,0.479571796,-0.0092073,0.499238305,-0.084672289,0.371014453,2.130507808,-0.448759708,-1.337186867,0.303711717,0.190308156,-2.205134919,-0.193341136,-0.459220833,1.669640575,-1.041699999,0.278536834,-1.325717849,-0.45514198,-0.044705046,-0.352935355,-2.024121674,-0.083789777,-1.014945812,-0.767221855,-0.633219428,-1.585819148,-1.035918707,1.659505428,-1.587285845,0.407710655,-0.813396051,1.660694243,-0.066146916,0.07068436,-0.971247873,-1.05708564,-0.362423912,0.37796181,-0.017260915,-2.35965196,-0.66656332,-1.153522278,-0.534288661,0.275143289,-0.367551215,0.863475785,1.659545619
1,-1.290829125,-1.120783868,-0.21059537,-0.868321054,-0.121867159,-0.18789803,0.566763045,-2.328677923,-1.574381655,0.326441127,-0.509948578,-1.480665455,-1.342889851,-1.570983089,-0.552460326,0.97104669,-2.169449158,-0.38720165,-0.775641597,0.164055346,-0.614224231,1.209185047,-3.385348591,-0.204567475,0.182458412,0.078366351,1.332998827,-1.036943382,-1.048753816,-0.388339614,-0.716392633,-0.992197637,0.293875104,1.904467197,-0.370650995,1.439658689,0.428263774,-0.276476438,1.462151094,-0.046272498,0.336659196,0.203901652,-1.103332069,-0.634961871,0.034335345,-0.661683632,1.059736186,0.355742566,-1.275347004,0.856398707
